feature,importance,cumulative_importance
Chelate_Flag,0.6153839237779518,0.6153839237779518
Inverse_BL,0.17207777548560543,0.7874616992635572
f_d_Electrons,0.0710097875007055,0.8584714867642628
EN,0.06539360535010263,0.9238650921143654
CN_Reported,0.03847441924995548,0.9623395113643209
rion​,0.037346656360134546,0.9996861677244555
Ln_Flag,0.00031383227554456953,1.0
