feature,importance,cumulative_importance
Xmetal,0.3080170297427839,0.3080170297427839
A,0.16355415763288328,0.47157118737566717
rion​,0.14419144260386618,0.6157626299795333
nf,0.131322779443073,0.7470854094226064
Xdonor,0.10801360898451615,0.8550990184071225
IP,0.09221893784339179,0.9473179562505143
nd,0.042568889146129836,0.9898868453966442
D ,0.006568582748423606,0.9964554281450678
CN,0.0035445718549323543,1.0000000000000002
