feature,importance,cumulative_importance
A,0.3089087692744359,0.3089087692744359
Xdonor,0.1989228480394359,0.5078316173138718
IP,0.13104464497933702,0.6388762622932088
rion​,0.11406014136971646,0.7529364036629252
Xmetal,0.1084354309986064,0.8613718346615317
nf,0.09457131452194423,0.9559431491834759
nd,0.030997027127661718,0.9869401763111376
CN,0.007418603727563686,0.9943587800387013
D ,0.005641219961298811,1.0
