feature,importance,cumulative_importance
A,0.33359988315780137,0.33359988315780137
Xdonor,0.2045555852227634,0.5381554683805647
rion​,0.14671121661431813,0.6848666849948828
nf,0.12920215945082164,0.8140688444457045
IP,0.0956103733666521,0.9096792178123566
Xmetal,0.07015209427210492,0.9798313120844615
nd,0.014759879736908822,0.9945911918213703
CN,0.0035893486069079592,0.9981805404282783
D ,0.0018194595717216276,0.9999999999999999
