feature,importance
Chelate_Flag,0.6153839237779518
Inverse_BL,0.17207777548560543
f_d_Electrons,0.0710097875007055
EN,0.06539360535010263
CN_Reported,0.03847441924995548
rion​,0.037346656360134546
Ln_Flag,0.00031383227554456953
