feature,importance
A,0.3237174769801987
Xdonor,0.2762498902650789
IP,0.1378077521920289
nf,0.10807019126265621
Xmetal,0.07753425719953323
rion​,0.04939047069341967
D ,0.017749190765489028
nd,0.00682602917334084
CN,0.002654741468254715
