feature,importance
A,0.33359988315780137
Xdonor,0.2045555852227634
rion​,0.14671121661431813
nf,0.12920215945082164
IP,0.0956103733666521
Xmetal,0.07015209427210492
nd,0.014759879736908822
CN,0.0035893486069079592
D ,0.0018194595717216276
