feature,importance
Xmetal,0.3080170297427839
A,0.16355415763288328
rion​,0.14419144260386618
nf,0.131322779443073
Xdonor,0.10801360898451615
IP,0.09221893784339179
nd,0.042568889146129836
D ,0.006568582748423606
CN,0.0035445718549323543
