feature,importance
A,0.3089087692744359
Xdonor,0.1989228480394359
IP,0.13104464497933702
rion​,0.11406014136971646
Xmetal,0.1084354309986064
nf,0.09457131452194423
nd,0.030997027127661718
CN,0.007418603727563686
D ,0.005641219961298811
