material,PI (Y),predicted_score
Tb-acac,0.858465802735781,0.8045361408511522
Eu-acac,0.722993271656855,0.7546609400815852
La-acac,0.750896278382373,0.7458694354685947
Cd-acac,0.678385159010601,0.7448791552588919
Er-acac,0.768200974072482,0.7206386307661253
Dy-acac,0.731057224606581,0.7172153037300517
Zn-acac,0.712904761904762,0.6971211795644153
Tb-tpy,0.771725182863114,0.6824005584686895
Pt-acac,0.676983645983646,0.6741027876396519
Ho-acac,0.630859115243731,0.6706065580462303
