material,PI (Y),predicted_score
Tb-acac,0.818869520897044,0.8114207100746987
Tb-bpy,0.792699881376038,0.7377024750942954
Tb-tpy,0.768487647134911,0.7307908519614505
La-acac,0.75811568546727,0.7210654697982429
Eu-acac,0.73341583586187,0.7123591724776638
Zn-acac,0.713787723785166,0.7078016173173276
Mn-phen,0.72179952909519,0.7022385548034957
Nb-acac,0.569802083333333,0.6919761810671631
Dy-acac,0.692611470625555,0.6788899001770422
Tb-phen,0.6523371268349,0.6690571156213168
