material,PI (Y),predicted_score
Tb-tpy,0.771725182863114,0.7319126733183158
La-acac,0.750896278382373,0.7287220703388472
Er-acac,0.768200974072482,0.7240976472840855
Tb-acac,0.858465802735781,0.7238308921917972
Eu-acac,0.722993271656855,0.7216042189046086
Dy-acac,0.731057224606581,0.6985540479221579
Cd-acac,0.678385159010601,0.6869637684381064
Fe-acac,0.706004156275977,0.6779590591959073
Pt-acac,0.676983645983646,0.6719694437392961
Mn-phen,0.676076774862902,0.6674459866985096
