material,PI_Weighted (Y),predicted_score
Tb-phen,9.3,9.161343789190699
Eu-phen,9.3,9.123361760830393
Tb-oxalate,8.625,8.063824013704767
Tb-acac,9.425,8.026733513982165
Ho-acac,8.06,8.018718592388979
Er-acac,8.075,8.018718592388979
Ho-oxalate,7.99,8.018718592388979
Er-oxalate,8.03,8.018718592388979
Dy-acac,8.065,8.0175065697651
Dy-oxalate,7.985,8.0175065697651
