material,PI (Y),predicted_score
Tb-acac,0.858465802735781,0.8418670457771255
Cd-acac,0.678385159010601,0.8048369390320433
Eu-acac,0.722993271656855,0.7496373098745643
Tb-tpy,0.771725182863114,0.7437524293374532
La-acac,0.750896278382373,0.7346646999625425
Er-acac,0.768200974072482,0.7208683013187339
Dy-acac,0.731057224606581,0.7122242607771581
Tb-phen,0.716285565126599,0.7056631709146681
Tb-bpy,0.745373431638857,0.6987412593774934
Zn-acac,0.712904761904762,0.6931592157607195
